{"mean_0":[-16.68415198,-9.60905878]}
{"mean_1":[16.93088279,5.88937143]}
{"mean_2":[-6.33268412,24.58095676]}
{"mean_3":[24.99803399,-16.58095414]}
{"mean_4":[-27.03274508,-4.61659422]}
{"mean_5":[-16.77075944,-22.76144744]}
{"mean_6":[1.36316969,-21.06706333]}
{"mean_7":[4.71825095,6.79576982]}
{"mean_8":[-22.82185887,8.76325513]}
{"mean_9":[44.01719664,-5.06595889]}
{"mean_10":[-10.43915951,-34.94949223]}
{"mean_11":[8.65924195,28.98263657]}
{"mean_12":[-1.78850375,-10.42571349]}
{"mean_13":[22.03640163,26.30973093]}
{"mean_14":[-8.52668996,-16.91146885]}
{"mean_15":[-15.07153785,22.88418826]}
{"mean_16":[-33.23777047,-14.90517563]}
{"mean_17":[-4.084374,14.82302478]}
{"mean_18":[11.36812115,-13.17364989]}
{"mean_19":[12.59510392,-41.41050119]}
{"mean_20":[28.60057709,-5.11283049]}
{"mean_21":[25.40799601,-24.69940247]}
{"mean_22":[-11.61017436,38.48735731]}
{"mean_23":[-5.73037207,-2.76408057]}
{"mean_24":[-3.60518079,-29.06608184]}
{"mean_25":[6.3651915,-2.76713753]}
{"mean_26":[32.79203473,5.21316008]}
{"mean_27":[-0.31641126,34.11339882]}
{"mean_28":[-36.06104247,2.74410502]}
{"mean_29":[3.91295191,18.93619803]}
{"mean_30":[13.18902832,14.65242406]}
{"mean_31":[-28.0329994,17.93922937]}
{"mean_32":[36.37246081,-11.67150187]}
{"mean_33":[-12.56213217,12.67608673]}
{"mean_34":[-15.44044046,31.80665076]}
{"mean_35":[17.22530559,-5.17090674]}
{"mean_36":[33.82038671,-20.51878501]}
{"mean_37":[-5.54543548,5.25090066]}
{"mean_38":[28.99364155,17.07739507]}
{"mean_39":[9.63956567,-25.29136085]}
{"mean_40":[-16.12894839,3.06166851]}
